{
  "integrations": [
    {
      "id": "df10692f-02b7-421e-9130-303e70abf5d0",
      "name": "aa",
      "action": "RUN_SCRIPT",
      "type": "OUTBOUND_WEBHOOK",
      "triggeredBy": "STATUS",
      "deployed": true,
      "form": "bf15acca-3e96-40f7-98b1-7a575cfaa4df",
      "script": "/******************************************************************************\n * Outbound integrations\n *\n * Outbound integrations are triggered when an xMatters system action occurs,\n * such as when an event status changes, a notification is delivered, or a\n * recipient responds to a message. These system actions are called 'triggers'.\n *\n * Outbound integrations can perform tasks such as initiating a follow-up xMatters\n * event when the status of an event changes or updating another system in your\n * toolchain when a user responds to a notification.\n *\n * xMatters passes information about the trigger to the outbound integration\n * as a JSON object in the body of the built-in request object. Your outbound\n * integration can process this data and use it in the script. (To include form\n * properties in the request data, select 'Include in Outbound Integrations'\n * from the property's settings on the form layout.)\n *\n * The following sample code shows how to work with scripts in the Integration\n * Builder. You can use it as a template and then customize it to work with your\n * integration.\n ******************************************************************************/\n\n/**\n * Parse the payload data\n *\n * This code shows how to extract the payload from the built-in request object.\n * The specific fields that are included in the payload depends on the type of\n * trigger and how many form properties are included.\n */\nvar payload = JSON.parse(request.body);\n\n/**\n * Form properties are included in the payload when they are marked as\n * 'Include in Outbound Integrations' on the form layout.\n *\n * This code shows how to transform the eventProperties object so that\n * you can access form properties using dot notation, and then shows\n * how to access the values of form properties named TicketId and Description.\n */\n//if (payload.eventProperties && Array.isArray(payload.eventProperties)) {\n//    var eventProperties = payload.eventProperties;\n//    payload.eventProperties = {};\n//\n//    for (var i = 0; i < eventProperties.length; i++) {\n//        var eventProperty = eventProperties[i];\n//        var key = Object.keys(eventProperty)[0];\n//        payload.eventProperties[key] = eventProperty[key];\n//    }\n//}\n//console.log('Form properties:');\n//console.log('Value of the TicketId property:' + payload.eventProperties.TicketId);\n//console.log('Value of the Description property:' + payload.eventProperties.Description);\n\n/** The event ID and time are included in the payload of all triggers **/\nconsole.log('\\nCommon properties:');\nconsole.log('Event ID: ' + payload.eventIdentifier);\nconsole.log('Time: ' + payload.date);\n\n/** These properties are included in the payload of event status update triggers. **/\n//console.log('\\nEvent Status properties:');\n//console.log('Event status changed to: ' + payload.status);\n//console.log('Event sender: ' + payload.username);\n\n/** These properties are included in the payload of delivery status update triggers. **/\n//console.log('\\nDelivery Status properties:');\n//console.log('Delivery status: ' + payload.deliveryStatus);\n//console.log('to device: ' + payload.device + ' ID: ' + payload.deviceId);\n//console.log('to recipient ' + payload.recipient);\n//console.log('delivery message: ' + payload.message);\n//console.log('delivery type: ' + payload.eventType);\n\n/** These properties are included in the payload of notification response triggers. **/\n//console.log('\\nResponse properties:');\n//console.log('Recipient: ' + payload.recipient);\n//console.log('Responded with: ' + payload.response);\n//console.log('From this device: ' + payload.device);\n//if (payload.annotation == \"null\") {\n//    console.log('And did not make a comment.');\n//}\n//else {\n//  console.log('And commented: ' + payload.annotation);\n//}\n\n/** These properties are included in the payload of comment (annotation) response triggers*/\n//console.log('\\nComment properties:');\n//console.log('The user: ' + payload.author.targetName  + '(' + payload.author.firstName + ' ' + payload.author.lastName + ')');\n//console.log('Made the comment: ' + payload.comment);\n\n/******************************************************************************\n * This example shows how to configure a notification response trigger\n * integration that sends an update to an external audit system when a user\n * responds to a notification.\n *\n * This example makes assumptions about the external audit system, including how the\n * endpoint to access the system is configured in xMatters, the path to the\n * RESTful web service, the required format of the request body, and the response\n * codes returned from the request.\n *\n * To use this code sample, configure an endpoint for the external system you\n * want to access and then adjust code to represent the actual values required\n * by the system.\n ******************************************************************************/\n\n/**\n * Prepare a request to the external system\n *\n * This example assumes that the external audit system is configured in the\n * 'AuditLoggerSystem' endpoint and that it can be updated by sending a POST\n * request to /api/logEntry.\n *\n * By using an endpoint to represent a connection to the external system, you\n * can authenticate without storing a plain-text password in your script.\n */\n//var auditLogRequest = http.request({\n//    'endpoint': 'AuditLoggerSystem',\n//    'method': 'POST',\n//    'path': '/api/logEntry',\n//    'headers': {\n//        'Content-Type': 'application/json'\n//    }\n//});\n\n/**\n * Prepare the payload of the request according to the requirements of the\n * external system.\n *\n * This example assumes that the external system requires the request to\n * contain a JSON object in the request body that describes the action to log.\n *\n * You can modify this script to match the requirements of the external system you\n * want to update.\n */\n//var requestBody = {};\n//requestBody.subject = 'Update from xMatters at ' + payload.date;\n//requestBody.event = payload.eventIdentifier;\n//requestBody.user = payload.recipient;\n//requestBody.response = payload.response;\n//requestBody.comment = payload.comment;\n\n/** Make the request to the external system and verify that it is successful. **/\n//var response = auditLogRequest.write(json);\n//if (response.statusCode != 200 ) {\n//    console.log('\\nThere was an error updating the external system.\\n');\n//    return;\n//}\n\n/** Write the response from the external system to the activity stream. **/\n//console.log(JSON.stringify(response));\n\n\n/******************************************************************************\n * General script usage\n *\n * This section shows some general information about working with\n * Integration Builder scripts. If you need these behaviors, place\n * them in your script in an appropriate location to support your logic.\n ******************************************************************************/\n\n/**\n * Shared Libraries\n * Shared libraries allow you to store commonly-used code snippets in a single\n * location and share them among Integration Builder scripts. To access a shared\n * library, use the require() function to load the library into a variable and then\n * call the functions stored within it. This example shows how to access the function\n * named 'myFunction' from the shared library named 'mySharedLibrary'.\n */\n//var mySharedLibrary = require('My Shared Library');\n//var message = mySharedLibrary.myFunction();\n\n/**\n * Constants\n * Constants allow you to define a value using the xMatters user interface and\n * then use it in multiple scripts. This example shows how to access user-defined\n * constants named 'APIKey' and 'Application Host'.\n */\n//var department = constants.APIKey;\n//var address = constants['Application Host'];\n\n/**\n * Logging\n * To write messages to the Activity Stream, use console.log().\n */\n//console.log('Finished running an Integration Builder script.');\n",
      "environment": "HOSTED"
    },
    {
      "id": "4c3f92fa-07d3-41f5-b002-ed0c03bf0e78",
      "name": "Delivery updates - /engage",
      "action": "RUN_SCRIPT",
      "type": "OUTBOUND_WEBHOOK",
      "triggeredBy": "DELIVERYSTATUS",
      "deployed": true,
      "form": "678645ef-f99a-488f-9a15-23ee05f784ef",
      "script": "var msteamsLibrary = require('MS Teams');\n\n// Capture callbacks\nvar callback = JSON.parse(request.body);\n\n// Convert list of event properties to an eventProperties object\nif (callback.eventProperties.constructor === Array) {\n        var eventProperties = callback.eventProperties;\n        callback.eventProperties = {};\n\n        for (var i = 0; i < eventProperties.length; i++) {\n            var eventProperty = eventProperties[i];\n            var key = Object.keys(eventProperty)[0];\n            callback.eventProperties[key] = eventProperty[key];\n        }\n\n    }\n\n\n\n\nvar payload = {};\nif (callback.annotation == \"null\") {\n    payload.annotation = \"No Comment\";\n}\npayload.text    = 'xM Event: Delivered to ' + callback.recipient + \"'s \" + callback.device + ' at ' + callback.date;\nmsteamsLibrary.postChannel(payload);\n",
      "environment": "HOSTED"
    },
    {
      "id": "0fbe9db0-5e22-4661-af53-c81b88528583",
      "name": "/engage",
      "action": "CREATE_EVENT",
      "type": "INBOUND_WEBHOOK",
      "deployed": true,
      "form": "678645ef-f99a-488f-9a15-23ee05f784ef",
      "script": "\nvar payload = JSON.parse(request.body);  //Use this if the payload is a JSON object in the request body\n//var payload = JXON.parse(request.body);  //Use this if the payload is XML in the request body\n//var payload = request.parameters;        //Use this if the payload is in a query parameter\n\n\n/** Configure recipients **/\nvar recipients = [];\nrecipients.push({'id': payload.recipients, 'recipientType' : 'GROUP'});  //Syntax to add a user\n//recipients.push({'id': 'Oracle Administrators', 'recipientType' : 'GROUP'}); //Syntax to add a group\n//recipients.push({'id': 'First Aid Attendants', 'recipientType' : 'DYNAMIC_TEAM'}); //Syntax to add a dynamic team\n//recipients.push({'id': 'bsmith|Work Email', 'recipientType' : 'DEVICE'); //Syntax to add devices\n//recipients.push({'id': 'Corporate Executives', 'recipientType' : 'GROUP', 'responseCountThreshold' : 3); //Syntax to add a group or dynamic team with response counts.\ntrigger.recipients = recipients;\n\n/** Customize form properties **/\n//trigger.properties.myTextProperty = 'Oracle Database is down';\n//trigger.properties.myComboBoxProperty = 'AJAX';\n//trigger.properties.myNumberProperty = 468;\n//trigger.properties.myBooleanProperty = true;\n//trigger.properties.myListProperty = ['Stored Procedures', 'Web Services'];\n//var hierarchyProperty = [];\n//hierarchyProperty.push({\"category\" : \"Country\", \"value\" : \"USA\"});\n//hierarchyProperty.push({\"category\" : \"State\", \"value\" : \"California\"});\n//hierarchyProperty.push({\"category\" : \"City\", \"value\" : \"Los Angeles\"});\n//trigger.properties.myHierarchyProperty = hierarchyProperty;\n\n/** Set the event priority and handling section options**/\n//trigger.priority = 'HIGH';  //Valid values include: 'HIGH', 'MEDIUM', 'LOW'\n//trigger.expirationInMinutes = 120;\n//trigger.bypassPhoneIntro = false;\n//trigger.escalationOverride = false;\n//trigger.overrideDeviceRestrictions = true;\n//trigger.requirePhonePassword = true;\n//var voicemailOptions = {};\n//voicemailOptions.every = 5;\n//voicemailOptions.leave = \"callbackonly\";\n//voicemailOptions.retry = 3;\n//trigger.voicemailOptions = voicemailOptions;\n\n\nform.post(trigger);\n\n",
      "environment": "HOSTED"
    },
    {
      "id": "7afd71d5-217c-4dad-906f-b54feab8acc6",
      "name": "/oncall",
      "action": "RUN_SCRIPT",
      "type": "INBOUND_WEBHOOK",
      "deployed": true,
      "script": "// Slack inbound\n\nvar moment = require('moment');\nrequire( 'moment-timezone' );\n\n// Set up the xMatters endpoint for creating the event\n// The credentials for authenticating to xM will be stored\n// in the endpoint.\n\n// Replace the &s with \",\", then the =s with \": \" and throw in some {}s, and it's JSON. \n //data = JSON.parse( '{\"' + request.body.replace( /&/g, '\", \"' ).replace( /=/g, '\": \"' ) + '\"}' );\n\n// console.log(JSON.stringify(request,null,2));\n\n\ndata = JSON.parse(request.body);\n\n// The text is coming over with +s instead of spaces, so we replace those\n //data.text = decodeURI( data.text ).replace( /\\+/g, ' ' );\n\nconsole.log( \"DATA: \" + JSON.stringify( data ) );\nconsole.log( \"Text: \" + data.text );\n\n/*\n// If there is no match, we can't correctly\n// parse the recipients and the message...\n// So we'll post it back to Slack.\nif( match === null ) {\n    var msg = 'Error sending event: Could not parse \"' + data.text + '\". Expected: \"/xm_oncall \"';\n    \n    sendToSlack( data.user_name, msg );\n    console.log( msg );\n    return;\n}\n*/\n\ngroupNames = data.text.split(\",\");\n\ngroupNames.forEach(function(groupName){\n    var getOnCall = http.request({\n    'endpoint': 'xMatters',\n    'method': 'GET',\n    'path': '/api/xm/1/groups/' + groupName + '/calendar'\n});\n\n// Submit the request and capture the response\nvar response = getOnCall.write();\nif( response.statusCode != 200 ) {\n    console.log( \"Error getting calendar for '\" + groupName + '\"' );\n    sendToMsteams( data.user_name, \"Could not get calendar data for '\" + groupName + \"'\" );\n    return;\n}\n\nvar calendarData = JSON.parse( response.body );\nvar msg = buildMsg( calendarData, groupName );\n// console.log( 'response_url: ' + data.response_url );\n\nconsole.log(JSON.stringify(calendarData, null, 2));\n\n// var path = data.response_url.substr( data.response_url.indexOf( \".com\" ) + 4 );\n\n// console.log( 'Path: ' + path );\n// console.log( 'Path2: ' + decodeURI( path ) );\n// console.log( 'Path3: ' + decodeURIComponent( path ) );\n\nsendToMsteams( data.user_name, msg, \"/api/response\" );\n})\n\n\n/*\n * buildMsg - Build the message to send to MS Teams\n *\n *  calendarData - The result of a GET to /groups/GROUPNAME/calendar\n *  groupName    - The name of the group we got the schedule for\n *\n */\nfunction buildMsg( calendarData, groupName ) {\n    \n    var data = calendarData.data;\n\tvar msg = 'On call schedule for ' + groupName + '\\n\\n';\n\tvar getShift;\n\t\n\t// Loop through each item in data and\n\t// retrieve the rest of the details from\n\t// the shift.\n\tfor( var d in data ) {\n\t\n\t    getShift = http.request({\n\t    \t'endpoint': 'xMatters',\n\t    \t'method': 'GET',\n\t    \t'path': data[d].shift.links.self\n\t    });\n\t\n\t    shiftResponse = getShift.write();\n\t    shift = JSON.parse( shiftResponse.body );\n\t    \n\t    var start = moment( data[d].start ).format( 'MMM D hh:mm a z' );\n\t    var end   = moment( data[d].end   ).format( 'MMM D hh:mm a z' );\n\t    \n\t    //\n\t   // var start = moment( data[d].start );\n\t   // var end   = moment( data[d].end   );\n\t    \n\t\tmsg += '  Shift ' + shift.name + '. Start ' + start + '. End: ' + end + '\\n';\n// \t\tmsg += '  Shift ' + shift.name;\n// \t\tmsg += '. Start ' + '<!date^' + start.unix() +'^{date_num} {time_secs}|' + start.tz('America/Los_Angeles').format( 'MMM D hh:mm a z' ) + ' Pacific>';\n// \t\tmsg += '. End '   + '<!date^' + end.unix()   +'^{date_num} {time_secs}|' + end.tz('America/Los_Angeles').format( 'MMM D hh:mm a z' )   + ' Pacific>';\n\t\tmsg += '\\n';\n\t\tmsg += '    Members: \\n';\n\t\n\t\tmembers = data[d].members.data;\n\t\tfor( var m in members ) {\n\t\t\tmsg += '      ' + members[m].position + ':' + \n\t\t\t   members[m].member.firstName + ' ' + members[m].member.lastName + ' (' + members[m].member.targetName + ') delay: ' + members[m].delay + '\\n';\n\t\t}\n\t\n\t    console.log( 'MSG: ' + msg );\n\t}\n\treturn msg;\n\t\n}\n\n/*/\n * sendToSlack - Post a message to the user.\n *\n asdfjlasjdf\n *   message - The text of the message to send to the user\n */\nfunction sendToMsteams( user, message, path ){\n\t\n\n  var req = http.request({\n  \t\"endpoint\": \"MSTeams\",\n  \t\"path\": path,\n  \t\"method\": \"POST\",\n  \t\"headers\": {\n  \t    \"Content-Type\": \"application/x-www-form-urlencoded\"\n  \t}\n  });\n\n  var payload = { \n    \"icon_url\": \"https://support.xmatters.com/hc/en-us/article_attachments/203171869/icon.png\", \n    \"text\": message \n  };\n\n//   var temp = req.write( 'payload=' + JSON.stringify( payload ) );\n  var temp = req.write(payload);\n\n\n}",
      "environment": "HOSTED"
    },
    {
      "id": "65117dee-4682-4afa-8033-66d7cd23ea58",
      "name": "Response - /engage",
      "action": "RUN_SCRIPT",
      "type": "OUTBOUND_WEBHOOK",
      "triggeredBy": "RESPONSE",
      "deployed": true,
      "form": "678645ef-f99a-488f-9a15-23ee05f784ef",
      "script": "var msteamsLibrary = require('MS Teams');\n\n// Capture callbacks\nvar callback = JSON.parse(request.body);\n\n// Convert list of event properties to an eventProperties object\nif (callback.eventProperties.constructor === Array) {\n        var eventProperties = callback.eventProperties;\n        callback.eventProperties = {};\n\n        for (var i = 0; i < eventProperties.length; i++) {\n            var eventProperty = eventProperties[i];\n            var key = Object.keys(eventProperty)[0];\n            callback.eventProperties[key] = eventProperty[key];\n        }\n\n    }\n\n\n\nvar payload = {};\nif (callback.annotation == \"null\") {\n    payload.annotation = \"No Comment\";\n}\nelse {\n    payload.annotation = callback.annotation;\n}\npayload.text    = 'xM Event: ' + callback.recipient + \" responded with \" + callback.response + ' at ' + callback.date + ' and commented - ' + payload.annotation;\nmsteamsLibrary.postChannel(payload);\n",
      "environment": "HOSTED"
    }
  ],
  "endpoints": [
    {
      "name": "MSTeams",
      "baseUrl": "https://outlook.office.com/webhook/25d5c3fa-10eb-448a-97c6-6fae4a4c992f@638c7152-f29d-4c19-84e3-93b8a1110e94/IncomingWebhook/",
      "type": "EXTERNAL",
      "authentication": "NO_AUTH"
    }
  ],
  "constants": [
    {
      "name": "MSTeams Channel",
      "value": "72d6759857804a2d8a2e32d969af7fb3/b8249140-5cb7-4179-8e28-8cad6ae7c180",
      "description": "path to post responses"
    }
  ]
}