{
  "integrations": [
    {
      "id": "5fbc5952-bb56-461a-bbb8-df919d52195c",
      "name": "aa",
      "action": "RUN_SCRIPT",
      "type": "OUTBOUND_WEBHOOK",
      "triggeredBy": "STATUS",
      "deployed": true,
      "form": "f6db85b7-b02b-46ad-be4a-1bbb87fbfe2a",
      "script": "/******************************************************************************\n * Outbound integrations\n *\n * Outbound integrations are triggered when an xMatters system action occurs,\n * such as when an event status changes, a notification is delivered, or a\n * recipient responds to a message. These system actions are called 'triggers'.\n *\n * Outbound integrations can perform tasks such as initiating a follow-up xMatters\n * event when the status of an event changes or updating another system in your\n * toolchain when a user responds to a notification.\n *\n * xMatters passes information about the trigger to the outbound integration\n * as a JSON object in the body of the built-in request object. Your outbound\n * integration can process this data and use it in the script. (To include form\n * properties in the request data, select 'Include in Outbound Integrations'\n * from the property's settings on the form layout.)\n *\n * The following sample code shows how to work with scripts in the Integration\n * Builder. You can use it as a template and then customize it to work with your\n * integration.\n ******************************************************************************/\n\n/**\n * Parse the payload data\n *\n * This code shows how to extract the payload from the built-in request object.\n * The specific fields that are included in the payload depends on the type of\n * trigger and how many form properties are included.\n */\nvar payload = JSON.parse(request.body);\n\n/**\n * Form properties are included in the payload when they are marked as\n * 'Include in Outbound Integrations' on the form layout.\n *\n * This code shows how to transform the eventProperties object so that\n * you can access form properties using dot notation, and then shows\n * how to access the values of form properties named TicketId and Description.\n */\n//if (payload.eventProperties && Array.isArray(payload.eventProperties)) {\n//    var eventProperties = payload.eventProperties;\n//    payload.eventProperties = {};\n//\n//    for (var i = 0; i < eventProperties.length; i++) {\n//        var eventProperty = eventProperties[i];\n//        var key = Object.keys(eventProperty)[0];\n//        payload.eventProperties[key] = eventProperty[key];\n//    }\n//}\n//console.log('Form properties:');\n//console.log('Value of the TicketId property:' + payload.eventProperties.TicketId);\n//console.log('Value of the Description property:' + payload.eventProperties.Description);\n\n/** The event ID and time are included in the payload of all triggers **/\nconsole.log('\\nCommon properties:');\nconsole.log('Event ID: ' + payload.eventIdentifier);\nconsole.log('Time: ' + payload.date);\n\n/** These properties are included in the payload of event status update triggers. **/\n//console.log('\\nEvent Status properties:');\n//console.log('Event status changed to: ' + payload.status);\n//console.log('Event sender: ' + payload.username);\n\n/** These properties are included in the payload of delivery status update triggers. **/\n//console.log('\\nDelivery Status properties:');\n//console.log('Delivery status: ' + payload.deliveryStatus);\n//console.log('to device: ' + payload.device + ' ID: ' + payload.deviceId);\n//console.log('to recipient ' + payload.recipient);\n//console.log('delivery message: ' + payload.message);\n//console.log('delivery type: ' + payload.eventType);\n\n/** These properties are included in the payload of notification response triggers. **/\n//console.log('\\nResponse properties:');\n//console.log('Recipient: ' + payload.recipient);\n//console.log('Responded with: ' + payload.response);\n//console.log('From this device: ' + payload.device);\n//if (payload.annotation == \"null\") {\n//    console.log('And did not make a comment.');\n//}\n//else {\n//  console.log('And commented: ' + payload.annotation);\n//}\n\n/** These properties are included in the payload of comment (annotation) response triggers*/\n//console.log('\\nComment properties:');\n//console.log('The user: ' + payload.author.targetName  + '(' + payload.author.firstName + ' ' + payload.author.lastName + ')');\n//console.log('Made the comment: ' + payload.comment);\n\n/******************************************************************************\n * This example shows how to configure a notification response trigger\n * integration that sends an update to an external audit system when a user\n * responds to a notification.\n *\n * This example makes assumptions about the external audit system, including how the\n * endpoint to access the system is configured in xMatters, the path to the\n * RESTful web service, the required format of the request body, and the response\n * codes returned from the request.\n *\n * To use this code sample, configure an endpoint for the external system you\n * want to access and then adjust code to represent the actual values required\n * by the system.\n ******************************************************************************/\n\n/**\n * Prepare a request to the external system\n *\n * This example assumes that the external audit system is configured in the\n * 'AuditLoggerSystem' endpoint and that it can be updated by sending a POST\n * request to /api/logEntry.\n *\n * By using an endpoint to represent a connection to the external system, you\n * can authenticate without storing a plain-text password in your script.\n */\n//var auditLogRequest = http.request({\n//    'endpoint': 'AuditLoggerSystem',\n//    'method': 'POST',\n//    'path': '/api/logEntry',\n//    'headers': {\n//        'Content-Type': 'application/json'\n//    }\n//});\n\n/**\n * Prepare the payload of the request according to the requirements of the\n * external system.\n *\n * This example assumes that the external system requires the request to\n * contain a JSON object in the request body that describes the action to log.\n *\n * You can modify this script to match the requirements of the external system you\n * want to update.\n */\n//var requestBody = {};\n//requestBody.subject = 'Update from xMatters at ' + payload.date;\n//requestBody.event = payload.eventIdentifier;\n//requestBody.user = payload.recipient;\n//requestBody.response = payload.response;\n//requestBody.comment = payload.comment;\n\n/** Make the request to the external system and verify that it is successful. **/\n//var response = auditLogRequest.write(json);\n//if (response.statusCode != 200 ) {\n//    console.log('\\nThere was an error updating the external system.\\n');\n//    return;\n//}\n\n/** Write the response from the external system to the activity stream. **/\n//console.log(JSON.stringify(response));\n\n\n/******************************************************************************\n * General script usage\n *\n * This section shows some general information about working with\n * Integration Builder scripts. If you need these behaviors, place\n * them in your script in an appropriate location to support your logic.\n ******************************************************************************/\n\n/**\n * Shared Libraries\n * Shared libraries allow you to store commonly-used code snippets in a single\n * location and share them among Integration Builder scripts. To access a shared\n * library, use the require() function to load the library into a variable and then\n * call the functions stored within it. This example shows how to access the function\n * named 'myFunction' from the shared library named 'mySharedLibrary'.\n */\n//var mySharedLibrary = require('My Shared Library');\n//var message = mySharedLibrary.myFunction();\n\n/**\n * Constants\n * Constants allow you to define a value using the xMatters user interface and\n * then use it in multiple scripts. This example shows how to access user-defined\n * constants named 'APIKey' and 'Application Host'.\n */\n//var department = constants.APIKey;\n//var address = constants['Application Host'];\n\n/**\n * Logging\n * To write messages to the Activity Stream, use console.log().\n */\n//console.log('Finished running an Integration Builder script.');\n",
      "environment": "HOSTED"
    },
    {
      "id": "a49b2eb3-1219-4a9b-bf81-b0cd5bae6e18",
      "name": "/engage",
      "action": "CREATE_EVENT",
      "type": "INBOUND_WEBHOOK",
      "deployed": true,
      "form": "e0f35ab4-727f-498f-8bd4-d6aa5f489c3a",
      "script": "\nvar payload = JSON.parse(request.body);  //Use this if the payload is a JSON object in the request body\n//var payload = JXON.parse(request.body);  //Use this if the payload is XML in the request body\n//var payload = request.parameters;        //Use this if the payload is in a query parameter\n\n\n/** Configure recipients **/\nvar recipients = [];\nrecipients.push({'id': payload.recipients, 'recipientType' : 'GROUP'});  //Syntax to add a user\ntrigger.recipients = recipients;\n\n/** Customize form properties **/\ntrigger.properties = {};\ntrigger.properties.user_name = payload.session.user_name;\ntrigger.properties.channel_name = payload.session.channel_name;\n\n/** Set the event priority and handling section options**/\n//trigger.priority = 'HIGH';  //Valid values include: 'HIGH', 'MEDIUM', 'LOW'\n//trigger.expirationInMinutes = 120;\n//trigger.bypassPhoneIntro = false;\n//trigger.escalationOverride = false;\n//trigger.overrideDeviceRestrictions = true;\n//trigger.requirePhonePassword = true;\n//var voicemailOptions = {};\n//voicemailOptions.every = 5;\n//voicemailOptions.leave = \"callbackonly\";\n//voicemailOptions.retry = 3;\n//trigger.voicemailOptions = voicemailOptions;\n\n\nform.post(trigger);\n\n",
      "environment": "HOSTED"
    },
    {
      "id": "c40999f8-5a61-4924-bdfe-233cc5cda52d",
      "name": "/engage - Comments",
      "action": "RUN_SCRIPT",
      "type": "OUTBOUND_WEBHOOK",
      "triggeredBy": "ANNOTATION",
      "deployed": true,
      "form": "e0f35ab4-727f-498f-8bd4-d6aa5f489c3a",
      "script": "var msteamsLibrary = require('MS Teams');\n\n// Capture callbacks\nvar callback = JSON.parse(request.body);\n\n// Convert list of event properties to an eventProperties object\nif (callback.eventProperties.constructor === Array) {\n        var eventProperties = callback.eventProperties;\n        callback.eventProperties = {};\n\n        for (var i = 0; i < eventProperties.length; i++) {\n            var eventProperty = eventProperties[i];\n            var key = Object.keys(eventProperty)[0];\n            callback.eventProperties[key] = eventProperty[key];\n        }\n\n    }\n\n\n\nvar payload = {};\npayload.text    = \"xM Event: \" + callback.author.firstName + \" \" + callback.author.lastName + \" commented \" + callback.comment + \" at \" + callback.date;\nmsteamsLibrary.postChannel(payload);\n",
      "environment": "HOSTED"
    },
    {
      "id": "d03e9b60-4bfb-4951-aefa-4e27447e7600",
      "name": "/engage - Delivery updates",
      "action": "RUN_SCRIPT",
      "type": "OUTBOUND_WEBHOOK",
      "triggeredBy": "DELIVERYSTATUS",
      "deployed": true,
      "form": "e0f35ab4-727f-498f-8bd4-d6aa5f489c3a",
      "script": "var msteamsLibrary = require('MS Teams');\n\n// Capture callbacks\nvar callback = JSON.parse(request.body);\n\n// Convert list of event properties to an eventProperties object\nif (callback.eventProperties.constructor === Array) {\n        var eventProperties = callback.eventProperties;\n        callback.eventProperties = {};\n\n        for (var i = 0; i < eventProperties.length; i++) {\n            var eventProperty = eventProperties[i];\n            var key = Object.keys(eventProperty)[0];\n            callback.eventProperties[key] = eventProperty[key];\n        }\n\n    }\n\n\n\n\nvar payload = {};\nif (callback.annotation == \"null\") {\n    payload.annotation = \"No Comment\";\n}\npayload.text    = 'xM Event: Delivered to ' + callback.recipient + \"'s \" + callback.device + ' at ' + callback.date;\nmsteamsLibrary.postChannel(payload);\n",
      "environment": "HOSTED"
    },
    {
      "id": "4ebb1368-e8dc-4478-8b1e-dc2d79fb9a0c",
      "name": "/engage - Response",
      "action": "RUN_SCRIPT",
      "type": "OUTBOUND_WEBHOOK",
      "triggeredBy": "RESPONSE",
      "deployed": true,
      "form": "e0f35ab4-727f-498f-8bd4-d6aa5f489c3a",
      "script": "var msteamsLibrary = require('MS Teams');\n\n// Capture callbacks\nvar callback = JSON.parse(request.body);\n\n// Convert list of event properties to an eventProperties object\nif (callback.eventProperties.constructor === Array) {\n        var eventProperties = callback.eventProperties;\n        callback.eventProperties = {};\n\n        for (var i = 0; i < eventProperties.length; i++) {\n            var eventProperty = eventProperties[i];\n            var key = Object.keys(eventProperty)[0];\n            callback.eventProperties[key] = eventProperty[key];\n        }\n\n    }\n\n\n\nvar payload = {};\nif (typeof callback.annotation === \"undefined\" || callback.annotation === \"\" || callback.annotation === \"null\") {\n    payload.annotation = \"\";\n}\nelse {\n    payload.annotation = ' and commented - ' + callback.annotation;\n}\npayload.text    = 'xM Event: ' + callback.recipient + \" responded with \" + callback.response + ' at ' + callback.date + payload.annotation;\nmsteamsLibrary.postChannel(payload);\n",
      "environment": "HOSTED"
    },
    {
      "id": "619442b5-badf-4636-a9f8-b227a1be370e",
      "name": "/oncall",
      "action": "RUN_SCRIPT",
      "type": "INBOUND_WEBHOOK",
      "deployed": true,
      "script": "\nvar msTeams = require(\"MS Teams\");\nvar moment = require('moment');\nrequire( 'moment-timezone' );\n\ndata = JSON.parse(request.body);\n\nconsole.log( \"DATA: \" + JSON.stringify( data ) );\nconsole.log( \"Text: \" + data.recipients );\n\n\ngroupNames = data.recipients.split(\",\");\n\ngroupNames.forEach(function(groupName){\n    var getOnCall = http.request({\n    'endpoint': 'xMatters',\n    'method': 'GET',\n    'path': '/api/xm/1/groups/' + groupName + '/calendar'\n});\n\n// Submit the request and capture the response\nvar response = getOnCall.write();\nif( response.statusCode != 200 ) {\n    console.log( \"Error getting calendar for '\" + groupName + '\"' );\n    sendToMsteams( data.user_name, \"Could not get calendar data for '\" + groupName + \"'\" );\n    return;\n}\n\n// Parse the Calendar Data\nvar calendarData = JSON.parse( response.body );\nconsole.log(JSON.stringify(calendarData, null, 2));\n\n// Construct the response string\nvar msg = buildMsg( calendarData, groupName );\n\n// Send back to the channel\nsendToMsteams( msg );\n});\n\n\n/*\n * buildMsg - Build the message to send to MS Teams\n *\n *  calendarData - The result of a GET to /groups/GROUPNAME/calendar\n *  groupName    - The name of the group we got the schedule for\n *\n */\nfunction buildMsg( calendarData, groupName ) {\n    \n    var data = calendarData.data;\n\tvar msg = 'On call schedule for ' + groupName + '\\n\\n';\n\tvar getShift;\n\t\n\t// Loop through each item in data and\n\t// retrieve the rest of the details from\n\t// the shift.\n\tfor( var d in data ) {\n\t\n\t    getShift = http.request({\n\t    \t'endpoint': 'xMatters',\n\t    \t'method': 'GET',\n\t    \t'path': data[d].shift.links.self\n\t    });\n\t\n\t    shiftResponse = getShift.write();\n\t    shift = JSON.parse( shiftResponse.body );\n\t    \n\t   var start = moment( data[d].start );\n\t   var end   = moment( data[d].end   );\n\t    \n \t\tmsg += '  Shift ' + shift.name;\n \t\tmsg += '. Start ' + start.tz(constants['Oncall Timezone']).format( 'MMM D hh:mm a z' ) + ' (' + constants['Oncall Timezone Description'] + ')';\n \t\tmsg += '. End '   + end.tz(constants['Oncall Timezone']).format( 'MMM D hh:mm a z' )   + ' (' + constants['Oncall Timezone Description'] + ').\\n';\n\t\tmsg += '\\n';\n\t\tmsg += '\\tMembers: \\n';\n\t\n\t\tmembers = data[d].members.data;\n\t\tfor( var m in members ) {\n\t\t\tmsg += '\\t\\t' + members[m].position + ':' + \n\t\t\t   members[m].member.firstName + ' ' + members[m].member.lastName + ' (' + members[m].member.targetName + ') delay: ' + members[m].delay + '\\n';\n\t\t}\n\t\n\t    console.log( 'MSG: ' + msg );\n\t}\n\treturn msg;\n\t\n}\n\n/*/\n * sendToMsteams - Post a message to the user.\n *\n *   message - The text of the message to send to the user\n */\nfunction sendToMsteams( message ){\n  var payload = { \n    \"text\": message \n  };\n  msTeams.postChannel(payload);\n}\n\n/**\nvar callback = JSON.parse(request.body);\nconsole.log('Executing outbound integration for xMatters event ID: ' + callback.eventIdentifier);\n\n// If this is an activation event\nif (callback.status == \"active\") {\n\n    // Load the shared libraries\n    var utLib = require('Utility Library');\n    var moment = require('moment');\n    require('moment-timezone');\n\n    // Kill the current event\n    utLib.terminateExistingEvent(callback.eventIdentifier);\n    console.log('Terminated event id: ' + callback.eventItendifier);\n    \n    // Convert event properties array to an object\n    var callback = utLib.fixupEventProperties(callback);\n    \n    // Dereference event Properties\n    var duration = Number(callback.eventProperties['Duration In Days']);\n    console.log('Duration In Days: ' + duration);\n    var schedStartDate = callback.eventProperties['Schedule Start Date'];\n    console.log('Schedule Start Date: ' + schedStartDate);\n    var schedStartTime = callback.eventProperties['Schedule Start Time'];\n    console.log('Schedule Start Time: ' + schedStartTime);\n    // var timezone = callback.eventProperties.Timezone;\n    var timezone = constants.Timezone;\n    console.log('Timezone: ' + timezone);\n    \n    // Determine the date range\n    if (schedStartDate === \"0000-00-00\") {\n        schedStartDate = moment.tz(timezone).format('YYYY-MM-DD');\n    }\n    console.log('Revised Schedule Start Date: ' + schedStartDate);\n    var startTs = moment.tz(schedStartDate + ' ' + schedStartTime, 'YYYY-MM-DD h:m a', timezone);\n    console.log('startTs: ' + startTs);\n    var startTsZ = startTs.utc().format('YYYY-MM-DDTHH:mm:00[Z]');\n    console.log('startTsZ: ' + startTsZ);\n    var startTsT = startTs.utc().valueOf();\n    console.log('startTsT: ' + startTsT);\n    \n    // CALCULATING END DATE\n    var endTs = startTs.clone();\n    endTs.add(duration, 'days');\n    // endTs.subtract(1, 'minutes');\n    var endTsZ = endTs.utc().format('YYYY-MM-DDTHH:mm:00[Z]');\n    // var endTsZ = startTsZ;\n    console.log('endTsZ: ' + endTsZ);\n    var endTsT = endTs.utc().valueOf();\n    console.log('endTsT: ' + endTsT);\n    \n    // Get the list of Groups from the form.\n    var selectedGroups = callback.eventProperties['Select Groups'];\n    console.log('selectedGroups: ' + selectedGroups);\n    var groupTargets = getGroupTargets(selectedGroups);\n\n    // Get the list of Stakeholders from the form\n    var selectedStakeholders = callback.eventProperties['Select Stakeholders'];\n    console.log('selectedStakeholders: ' + selectedStakeholders);\n    var peopleTargets = getSelectedStakeholders(selectedStakeholders);\n\n    console.log(\"groupTargets: \" + JSON.stringify(groupTargets));\n    console.log(\"peopleTargets: \" + JSON.stringify(peopleTargets));\n\n    // Find the primary and secondary on-call target for each group\n    var scheduledTargets = collectScheduledTargets(startTs, startTsT, startTsZ, endTs, endTsT, endTsZ, groupTargets);\n    \n    // Send the notification out to the Scheduled Targets\n    processScheduledTargets(scheduledTargets);\n\n}\n\n\n/*******************************************************************************************/\n/**                                                                                       **/\n/**                             Utility Functions                                         **/\n/**                                                                                       **/\n/*******************************************************************************************/\n\n/**\n * Returns the name of the recipient based on type\n * \n * @param  {object} recip The object containing the recipient type and identifying information\n * @return {String}       The formatted name\n */\nfunction getRecipientName(recip) {\n    var name = \"\";\n    if (recip.recipientType === \"PERSON\") {\n        name = recip.firstName + \" \" + recip.lastName;\n    } else if (recip.recipientType === \"DEVICE\") {\n        name = recip.owner.firstName + \" \" + recip.owner.lastName + \" via \" + recip.name;\n    } else if (recip.recipientType === \"GROUP\") {\n        name = \"Group: \" + recip.name;\n    } else { // assume DYNAMIC TEAM\n        name = \"Dynamic Team: \" + recip.name;\n    }\n    return name;\n}\n\n\nfunction getGroupTargets(selectedGroups) {\n    var groupTargets = [];\n    sgs = selectedGroups.split(\",\");\n    for (var g in sgs) {\n        var aGroup = utLib.getGroup(sgs[g]);\n        if (aGroup) {\n            groupTargets.push({\n                \"id\": aGroup.id,\n                \"targetName\": aGroup.targetName\n            });\n            console.log(\"Found group: \" + aGroup.targetName);\n        } else {\n            console.log(\"Group not found: \" + sgs[g]);\n        }\n    }\n    return groupTargets;\n}\n\n\nfunction getSelectedStakeholders(selectedStakeholders) {\n    var peopleTargets = [];\n    if (selectedStakeholders && selectedStakeholders !== null && selectedStakeholders.length > 0) {\n        shs = selectedStakeholders.split(\",\");\n        for (var s in shs) {\n            var aPerson = utLib.getPerson(shs[s]);\n            if (aPerson) {\n                peopleTargets.push({\"targetName\": aPerson.targetName});\n                console.log(\"Found Person: \" + aPerson.firstName + ' ' + aPerson.lastName);\n            } else {\n                console.log(\"Person not found: \" + shs[s]);\n            }\n        }\n    }\n    return peopleTargets;\n}\n\n\nfunction collectScheduledTargets(startTs, startTsT, startTsZ, endTs, endTsT, endTsZ, groupTargets) {\n    var scheduledTargets = [];\n    \n    // For each targetd group\n    for (var g in groupTargets) {\n        \n        // Determine the group type and on-call role\n        var scheduledTarget = {};\n        scheduledTarget.targetGroup = groupTargets[g].targetName;\n        var adminGroup = isAdminGroup(groupTargets[g].targetName);\n        scheduledTarget.onCallRole = adminGroup ? \"Administrator\" : \"User\";\n        scheduledTarget.primary = [];\n        scheduledTarget.secondary = [];\n        scheduledTarget.startTs = startTs;\n        scheduledTarget.mStartD = startTs.format(\"dddd, MMM Do YYYY\");\n        scheduledTarget.mStartT = startTs.format(\"h:mm a\");\n        scheduledTarget.startTsT = startTsT;\n        scheduledTarget.startTsZ = startTsZ;\n        scheduledTarget.endTs = endTs;\n        scheduledTarget.mEndD = endTs.format(\"dddd, MMM Do YYYY\");\n        scheduledTarget.mEndT = endTs.format(\"h:mm a\");\n        scheduledTarget.endTsT = endTsT;\n        scheduledTarget.endTsZ = endTsZ;\n        \n\n        // Request the on-call information\n        var ocRequest = http.request({\n            'endpoint': 'xMatters',\n            'method': 'GET',\n            'path': '/api/xm/1/on-call?groups=' + groupTargets[g].id + '&from=' + startTsZ + '&to=' + endTsZ + '&embed=shift,members.owner&membersPerShift=100'\n        });\n        var ocResponse = ocRequest.write();\n        \n        // Ensure the call was successfull\n        if (ocResponse.statusCode !== 200 ) {\n            console.log(\"Could not retrieve on-call schedule for group \" + groupTargets[g].targetName + \": \" + JSON.stringify(ocResponse));\n            throw \"Could not retrieve on-call schedule for group \" + groupTargets[g].targetName + \": \" + JSON.stringify(ocResponse);\n        }\n        \n        // Process the array of shifts and members\n        ocBody = JSON.parse(ocResponse.body);\n        console.log(\"Retrieved \" + ocBody.count + \" on-call schedules for group \" + groupTargets[g].targetName);\n        ocData = ocBody.data;\n        for (var d in ocBody.data) {\n            \n            var ocData = ocBody.data[d];\n            var shift = ocData.shift;\n            \n            // If shift start is before our selected start time, or shift end is after our selected end-time, then\n            // truncate accordingly.\n            var ocStartT = (new Date(ocData.start)).getTime();\n            if (ocStartT < startTsT) {\n                console.log(\"Shift start time is earlier than selected shift time, adjusting start\");\n                ocData.start = startTsZ;\n            }\n            var ocEndT = (new Date(ocData.end)).getTime();\n            if (ocEndT > endTsT) {\n                console.log(\"Shift end time is later than selected shift time, adjusting end\");\n                ocData.end = endTsZ;\n            }\n            \n            console.log('Processing Shift: ' + shift.name + ', starts: ' + ocData.start + ', ends: ' + ocData.end);\n            var memberData = ocData.members.data;\n\n            // Find first and second on-call positions\n            var firstPos = null;\n            var secondPos = null;\n            for (var mP in memberData) {\n                if (memberData[mP].position === 1) {\n                    firstPos = mP;\n                    console.log('Found shift member at position 1: ' + memberData[mP].member.targetName);\n                } else if (memberData[mP].position === 2) {\n                    secondPos = mP;\n                    console.log('Found shift member at position 2: ' + memberData[mP].member.targetName);\n                }\n            }\n            \n            // Process members\n            createMember(scheduledTarget, ocData, memberData[firstPos], (secondPos === null)?null:memberData[secondPos]);\n            if (secondPos !== null) {\n                createMember(scheduledTarget, ocData, memberData[secondPos], memberData[firstPos]);\n            }\n            \n        }\n\n        scheduledTargets.push(scheduledTarget);\n    }\n    return scheduledTargets;    \n}\n\n\nfunction createMember(scheduledTarget, ocData, firstMember, secondMember) {\n    // Construct base member object\n    var member = null;\n    var mtime = null;\n    \n    console.log(\"Processing \" + (firstMember.position ===1)?\"Primary\":\"Secondary\" + \" TargetName: \" + firstMember.member.targetName);\n    \n    // If we have Temporary Replacements, process those separately\n    if (typeof firstMember.replacements !== \"undefined\") {\n        \n        console.log(\"\\tFound and looking through \" + firstMember.replacements.count + \" temporary replacements\");\n        for (var r in firstMember.replacements.data) {\n            var t = firstMember.replacements.data[r];\n            member = {};\n            member.position = firstMember.position;\n            member.delay = firstMember.delay;\n            member.id = t.replacement.id;\n            member.targetName = t.replacement.targetName;\n            member.recipientType = t.replacement.recipientType;\n            member.name = getRecipientName(t.replacement);\n            member.secondary = (secondMember !== null)?getRecipientName(secondMember.member):null;\n            member.mTimes = [];\n            mTime = {};\n            // If the replacement ends before we begin, or starts after we end, then skip it.\n            // Also, if shift start is before our selected start time, or shift end is after our selected end-time, then\n            // truncate accordingly.\n            mTime.startT = (new Date(t.start)).getTime();\n            var ocStartT = (new Date(ocData.start)).getTime();\n            mTime.endT = (new Date(t.end)).getTime();\n            var ocEndT = (new Date(ocData.end)).getTime();\n            if (mTime.startT >= ocEndT) {\n                console.log(\"Replacement shift begins at or after our shift ends; skipping replacement.\");\n                continue;\n            }\n            if (mTime.endT <= ocStartT) {\n                console.log(\"Replacement shift ends at or before our shift starts; skipping replacement.\");\n                continue;\n            }\n            if (mTime.startT < ocStartT) {\n                console.log(\"Replacement shift start time is earlier than selected shift time, adjusting start\");\n                mTime.startT = ocStartT;\n                t.start = ocData.start;\n            }\n            mTime.mStartD = moment(t.start).tz(constants.Timezone).format(\"dddd, MMM Do YYYY\");\n            mTime.mStartT = moment(t.start).tz(constants.Timezone).format(\"h:mm a\");\n            if (mTime.endT > ocEndT) {\n                console.log(\"Replacement shift end time is later than selected shift time, adjusting end\");\n                mTime.endT = ocEndT\n                t.end = ocData.end;\n            }\n            mTime.mEndD = moment(t.end).tz(constants.Timezone).format(\"dddd, MMM Do YYYY\");\n            mTime.mEndT = moment(t.end).tz(constants.Timezone).format(\"h:mm a\");\n            mTime.timeStr = \"From \" + mTime.mStartD + \" at \" + mTime.mStartT + \" to \" + mTime.mEndD + \" at \" + mTime.mEndT;\n            member.mTimes.push(mTime);\n            console.log(\"\\t\\tProcessing \" + member.name + \" as replacement for \" + getRecipientName(firstMember.member) + \" from \" + mTime.mStartD + \" at \" + mTime.mStartT + \" until \" + mTime.mEndD + \" at \" + mTime.mEndT + \".\");\n            upsertMember(scheduledTarget, member);\n        }\n\n    // Process a regular, full duration on-call recipient                        \n    } else {\n        member = {};\n        member.position = firstMember.position;\n        member.delay = firstMember.delay;\n        member.id = firstMember.member.id;\n        member.targetName = firstMember.member.targetName;\n        member.recipientType = firstMember.member.recipientType;\n        member.name = getRecipientName(firstMember.member);\n        member.secondary = (secondMember !== null)?getRecipientName(secondMember.member):null;\n        member.mTimes = [];\n        mTime = {};\n        mTime.startT = (new Date(ocData.start)).getTime();\n        mTime.mStartD = moment(ocData.start).tz(constants.Timezone).format(\"dddd, MMM Do YYYY\");\n        mTime.mStartT = moment(ocData.start).tz(constants.Timezone).format(\"h:mm a\");\n        mTime.endT = (new Date(ocData.end)).getTime();\n        mTime.mEndD = moment(ocData.end).tz(constants.Timezone).format(\"dddd, MMM Do YYYY\");\n        mTime.mEndT = moment(ocData.end).tz(constants.Timezone).format(\"h:mm a\");\n        mTime.timeStr = \"From \" + mTime.mStartD + \" at \" + mTime.mStartT + \" to \" + mTime.mEndD + \" at \" + mTime.mEndT;\n        member.mTimes.push(mTime);\n        console.log('\\tFound member: ' + JSON.stringify(member));\n        upsertMember(scheduledTarget, member);\n\n    }\n    \n}\n\n\nfunction upsertMember(st, member) {\n    var mPos = null;\n    if (member.position === 1) {\n        mPos = findMember(st.primary, member);\n        if (mPos === null) {\n            console.log(\"upsertMember - Adding: \" + member.name + \"\\n\\tPrimary: \" + JSON.stringify(member));\n            st.primary.push(member);\n        } else {\n            mergeMember(st.primary, mPos, member);\n        }\n    } else {\n        mPos = findMember(st.secondary, member);\n        if (mPos === null) {\n            console.log(\"upsertMember - Adding: \" + member.name + \"\\n\\tSecondary: \" + JSON.stringify(member));\n            st.secondary.push(member);\n        } else {\n            mergeMember(st.secondary, mPos, member);\n        }\n    }\n}\n\n\nfunction findMember(memberArray, member) {\n    var mPos = null;\n    for (var p in memberArray) {\n        if (memberArray[p].id === member.id) {\n            mPos = p;\n            break;\n        }\n    }\n    return mPos;\n}\n\n\nfunction mergeMember(memberArray, mPos, member) {\n    var theMem = memberArray[mPos];\n    var tPos = theMem.mTimes.length-1;\n    console.log(\"mergeMember for: \" + member.name + \"\\n\\tCurrent: \" + JSON.stringify(theMem) + \"\\n\\tTo Merge: \" + JSON.stringify(member));\n    if (theMem.mTimes[tPos].endT === member.mTimes[0].startT) {\n        var mTime = theMem.mTimes[tPos];\n        mTime.endT = member.mTimes[0].endT;\n        mTime.mEndD = member.mTimes[0].mEndD;\n        mTime.mEndT = member.mTimes[0].mEndT;\n        mTime.timeStr = \"From \" + mTime.mStartD + \" at \" + mTime.mStartT + \" to \" + mTime.mEndD + \" at \" + mTime.mEndT;\n        theMem.mTimes[tPos] = mTime;\n    } else {\n        theMem.mTimes.push(member.mTimes[0]);\n    }\n    console.log(\"mergeMember for: \" + member.name + \"\\n\\tMerged: \" + JSON.stringify(theMem));\n    memberArray[mPos] = theMem;\n}\n\n\nfunction isAdminGroup(groupName) {\n    adminList = constants.AdminGroupList.split(\",\");\n    for (var a in adminList) {\n        if (adminList[a].toUpperCase() === groupName.toUpperCase()) {\n            return true;\n        }\n    }\n    return false;\n}\n\n\nfunction processScheduledTargets(scheduledTargets) {\n    for (var t in scheduledTargets) {\n        var st = scheduledTargets[t];\n        console.log(\"Getting ready to send notification for group: \" + st.targetGroup);\n\n        // First process the primary On Call\n        for (var p in st.primary) {\n            processScheduledTarget(st, st.primary[p], \"Primary\", \"Secondary\", (st.secondary.length === 0) ? \"Not Scheduled\" : getNamesAsList(st.primary[p].name, st.secondary));\n        }\n\n        // If there is a secondary on-call, then process those next        \n        if (st.secondary !== null) {\n            for (var s in st.secondary) {\n                processScheduledTarget(st, st.secondary[s], \"Secondary\", \"Primary\", getNamesAsList(st.secondary[s].name, st.primary));\n            }\n        }\n\n        // Finally notify stakeholders of the upcoming schedule\n        processStakeholders(schedStartDate, schedStartTime, peopleTargets, st);\n\n    }\n    \n}\n\nfunction processScheduledTarget(st, member, pos1, pos2, name2) {\n    var props = {\n        \"targetGroup\": st.targetGroup,\n        \"dateRangeStr\": getTimeRangesAsStr(member),\n        \"onCallPosition1\": pos1,\n        \"onCallPosition2\": pos2,\n        \"onCallRole\": st.onCallRole,\n        \"targetUserName2\": name2\n    };\n    // Configure target URL\n    var url = constants.WeeklyOncallNotificationURL;\n    if (isAdminGroup(st.targetGroup)) {\n        url = constants.AOCWeeklyOncallNotificationURL;\n    }\n    console.log(\"Properties for \" + member.name + \"(\" + member.targetName + \"): \" + JSON.stringify(props));\n    var recips = [];\n    recips.push({\"targetName\":member.targetName});\n    var payload = {\n        \"properties\": props,\n        \"recipients\": recips\n    };\n    var stRequest = http.request({\n        'endpoint': 'xMatters',\n        'method': 'POST',\n        'path': url,\n        'headers': {\n            'Content-Type': 'application/json'\n        }\n    });\n    var stResponse = stRequest.write(payload);\n    if (stResponse.statusCode >= 300 ) {\n        console.log(\"Could not post notification to: \" + JSON.stringify(recips) + \" from targetGroup: \" + st.targetGroup + \": \" + JSON.stringify(stResponse));\n    } else {\n        console.log(\"processScheduledTarget on-call stResponse: \" + JSON.stringify(stResponse));\n    }\n}\n\n\nfunction getTimeRangesAsStr(member) {\n    var ranges = [];\n    for (var t in member.mTimes) {\n        ranges.push(member.mTimes[t].timeStr);\n    }\n    return ranges.join(\", and \\n\");\n}\n\n\nfunction getNamesAsList(skipName, memberArray) {\n    var nameList = [];\n    for (var m in memberArray) {\n        if (memberArray[m].name !== skipName) {\n            nameList.push(memberArray[m].name);\n        }\n    }\n    nameList = removeDuplicates(nameList);\n    return nameList.join(\", \");\n}\n\n\nfunction getSecondaryNamesAsList(memberArray) {\n    var nameList = [];\n    for (var m in memberArray) {\n        nameList.push(memberArray[m].secondary);\n    }\n    nameList = removeDuplicates(nameList);\n    return nameList.join(\", \");\n}\n\n\nfunction removeDuplicates (arr) {\n    var deduper = {}\n    arr.forEach(function (item) {\n        deduper[item] = null;\n    });\n    return Object.keys(deduper);\n}\n\n\nfunction processStakeholders(schedStartDate, schedStartTime, peopleTargets, st) {\n    // See if any stakeholders were specified.\n    if (!peopleTargets || peopleTargets.length === 0) {\n        console.log(\"No stakeholders to notify for group: \" + st.targetGroup);\n        return;\n    }\n    console.log(\"Getting ready to send stakeholder notification for group: \" + st.targetGroup);\n    primaryDevs = getDevices(st.primary[0].targetName);\n    secondaryDevs = (st.secondary.length === 0) ? \"\" : getDevices(st.secondary[0].targetName);\n    var props = {\n        \"targetGroup\": st.targetGroup,\n        \"fromDate\": schedStartDate,\n        \"fromTime\": schedStartTime,\n        \"onCallRole\": st.onCallRole,\n        \"primaryName\": st.primary[0].name,\n        \"primaryDevs\": primaryDevs,\n        \"secondaryName\": (st.secondary.length === 0) ? \"Not Scheduled\" : st.secondary[0].name,\n        \"secondaryDevs\": secondaryDevs,\n        \"octable\": buildOcTable(st)\n    };\n    var payload = {\n        \"properties\": props,\n        \"recipients\": peopleTargets\n    };\n    console.log(\"Stakeholder Payload for \" + st.targetGroup + \": \" + JSON.stringify(payload));\n    var shRequest = http.request({\n        'endpoint': 'xMatters',\n        'method': 'POST',\n        'path': constants.WeeklyStakeholderNotificationURL,\n        'headers': {\n            'Content-Type': 'application/json'\n        }\n    });\n    var shResponse = shRequest.write(payload);\n    if (shResponse.statusCode >= 300 ) {\n        console.log(\"Could not post stakeholder notification to: \" + JSON.stringify(peopleTargets) + \" from targetGroup: \" + st.targetGroup + \": \" + JSON.stringify(shResponse));\n    } else {\n        console.log(\"Stakeholders on-call shResponse: \" + JSON.stringify(shResponse));\n    }\n}\n\n\nfunction buildOcTable(st) {\n    var ocTable = [];\n    ocTable.push(\"<table>\");\n    ocTable.push(\"<tr><th><b>Role</b></th><th><b>Who</b></th><th><b>When</b></th><th><b>Devices</b></th></tr>\");\n    for (var p in st.primary) {\n        ocTable.push(\"<tr><td><b>Primary</b></td><td>\"+st.primary[p].name+\"</td><td>\"+getTimeRangesAsStr(st.primary[p])+\"</td><td>\"+getDevices(st.primary[p].targetName)+\"</td></tr>\");\n    }\n    for (var s in st.secondary) {\n        ocTable.push(\"<tr><td><b>Secondary</b></td><td>\"+st.secondary[s].name+\"</td><td>\"+getTimeRangesAsStr(st.secondary[s])+\"</td><td>\"+getDevices(st.secondary[s].targetName)+\"</td></tr>\");\n    }\n    ocTable.push(\"</table>\");\n    return ocTable.join(\"\\n\");\n}\n\n\nfunction getDevices(targetName) {\n    var devs = [];\n    var devRequest = http.request({\n        'endpoint': 'xMatters',\n        'method': 'GET',\n        'path': '/api/xm/1/people/' + targetName + '/devices/'\n    });\n    var devResponse = devRequest.write();\n    if (devResponse.statusCode !== 200 ) {\n        console.log(\"Could not retrieve device details for user \" + targetName + \": \" + JSON.stringify(devResponse));\n    } else {\n        devData = JSON.parse(devResponse.body);\n        for (var d in devData.data) {\n            var dev = devData.data[d];\n            devs.push(dev.name + ': ' + dev.description);\n        }\n    }\n    var devices = devs.join(\", \");\n    console.log(\"Found \" + devs.length + \"devices for \" + targetName + \": \" + devices);\n    return devices;\n}\n**/",
      "environment": "HOSTED"
    }
  ],
  "endpoints": [
    {
      "name": "MSTeams",
      "baseUrl": "https://outlook.office.com/webhook/04ccf756-d022-41c6-8734-7c3d36dad168@8d8f0846-5dd3-473c-870c-926c8cf9552a/IncomingWebhook/",
      "type": "EXTERNAL",
      "authentication": "NO_AUTH"
    }
  ],
  "constants": [
    {
      "name": "MSTeams Channel",
      "value": "80a2406e69b34e33b95be2ff1e89a8df/ef21dea3-a700-40ef-8cce-a92a6f051188",
      "description": "path to post responses"
    },
    {
      "name": "Oncall Timezone",
      "value": "America/Chicago",
      "description": "Timezone to use for the oncall response"
    },
    {
      "name": "Oncall Timezone Description",
      "value": "Central",
      "description": "Descriptive name of timezone"
    }
  ]
}